x-axis,1,2,3
second,Volt,Volt,Volt
-57.50000E-03,+1.41250002E+00,+1.93750000E+00,+2.06874990E+00
-57.45000E-03,+1.41250002E+00,+1.96875000E+00,+2.03749990E+00
-57.40000E-03,+1.38125002E+00,+2.00000000E+00,+1.97499990E+00
-57.35000E-03,+1.35000002E+00,+2.00000000E+00,+1.94374990E+00
-57.30000E-03,+1.41250002E+00,+1.96875000E+00,+1.88124990E+00
-57.25000E-03,+1.41250002E+00,+1.93750000E+00,+1.78749990E+00
-57.20000E-03,+1.35000002E+00,+1.87500000E+00,+1.72499990E+00
-57.15000E-03,+1.38125002E+00,+1.78125000E+00,+1.66249990E+00
-57.10000E-03,+1.31875002E+00,+1.71875000E+00,+1.56874990E+00
-57.05000E-03,+1.31875002E+00,+1.65625000E+00,+1.50624990E+00
-57.00000E-03,+1.35000002E+00,+1.62500000E+00,+1.38124990E+00
-56.95000E-03,+1.31875002E+00,+1.53125000E+00,+1.38124990E+00
-56.90000E-03,+1.28750002E+00,+1.46875000E+00,+1.28749990E+00
-56.85000E-03,+1.28750002E+00,+1.37500000E+00,+1.25624990E+00
-56.80000E-03,+1.22500002E+00,+1.34375000E+00,+1.22499990E+00
-56.75000E-03,+1.25625002E+00,+1.28125000E+00,+1.16249990E+00
-56.70000E-03,+1.19375002E+00,+1.21875000E+00,+1.16249990E+00
-56.65000E-03,+1.22500002E+00,+1.18750000E+00,+1.13124990E+00
-56.60000E-03,+1.19375002E+00,+1.15625000E+00,+1.13124990E+00
-56.55000E-03,+1.16250002E+00,+1.12500000E+00,+1.03749990E+00
-56.50000E-03,+1.16250002E+00,+1.09375000E+00,+1.09999990E+00
-56.45000E-03,+1.10000002E+00,+1.09375000E+00,+1.06874990E+00
-56.40000E-03,+1.13125002E+00,+1.09375000E+00,+1.06874990E+00
-56.35000E-03,+1.10000002E+00,+1.06250000E+00,+1.06874990E+00
-56.30000E-03,+1.06875002E+00,+1.06250000E+00,+1.03749990E+00
-56.25000E-03,+1.03750002E+00,+1.09375000E+00,+1.03749990E+00
-56.20000E-03,+1.00625002E+00,+1.06250000E+00,+1.06874990E+00
-56.15000E-03,+975.00002E-03,+1.06250000E+00,+1.03749990E+00
-56.10000E-03,+1.00625002E+00,+1.06250000E+00,+1.00624990E+00
-56.05000E-03,+943.75002E-03,+1.06250000E+00,+1.03749990E+00
-56.00000E-03,+912.50002E-03,+1.03125000E+00,+1.00624990E+00
-55.95000E-03,+912.50002E-03,+1.06250000E+00,+1.03749990E+00
-55.90000E-03,+881.25002E-03,+1.03125000E+00,+943.74990E-03
-55.85000E-03,+850.00002E-03,+968.75000E-03,+943.74990E-03
-55.80000E-03,+881.25002E-03,+1.00000000E+00,+912.49990E-03
-55.75000E-03,+850.00002E-03,+968.75000E-03,+943.74990E-03
-55.70000E-03,+818.75002E-03,+937.50000E-03,+881.24990E-03
-55.65000E-03,+818.75002E-03,+906.25000E-03,+881.24990E-03
-55.60000E-03,+756.25002E-03,+906.25000E-03,+849.99990E-03
-55.55000E-03,+756.25002E-03,+906.25000E-03,+818.74990E-03
-55.50000E-03,+725.00002E-03,+875.00000E-03,+818.74990E-03
-55.45000E-03,+725.00002E-03,+843.75000E-03,+787.49990E-03
-55.40000E-03,+725.00002E-03,+781.25000E-03,+724.99990E-03
-55.35000E-03,+725.00002E-03,+812.50000E-03,+818.74990E-03
-55.30000E-03,+693.75002E-03,+781.25000E-03,+724.99990E-03
-55.25000E-03,+693.75002E-03,+750.00000E-03,+662.49990E-03
-55.20000E-03,+693.75002E-03,+750.00000E-03,+724.99990E-03
-55.15000E-03,+662.50002E-03,+687.50000E-03,+662.49990E-03
-55.10000E-03,+693.75002E-03,+687.50000E-03,+693.74990E-03
-55.05000E-03,+693.75002E-03,+687.50000E-03,+631.24990E-03
-55.00000E-03,+693.75002E-03,+687.50000E-03,+631.24990E-03
-54.95000E-03,+725.00002E-03,+656.25000E-03,+662.49990E-03
-54.90000E-03,+725.00002E-03,+625.00000E-03,+631.24990E-03
-54.85000E-03,+787.50002E-03,+687.50000E-03,+693.74990E-03
-54.80000E-03,+756.25002E-03,+687.50000E-03,+662.49990E-03
-54.75000E-03,+787.50002E-03,+656.25000E-03,+724.99990E-03
-54.70000E-03,+818.75002E-03,+718.75000E-03,+693.74990E-03
-54.65000E-03,+850.00002E-03,+718.75000E-03,+756.24990E-03
-54.60000E-03,+912.50002E-03,+718.75000E-03,+756.24990E-03
-54.55000E-03,+912.50002E-03,+750.00000E-03,+787.49990E-03
-54.50000E-03,+975.00002E-03,+781.25000E-03,+849.99990E-03
-54.45000E-03,+1.00625002E+00,+781.25000E-03,+881.24990E-03
-54.40000E-03,+1.03750002E+00,+843.75000E-03,+943.74990E-03
-54.35000E-03,+1.13125002E+00,+875.00000E-03,+943.74990E-03
-54.30000E-03,+1.19375002E+00,+937.50000E-03,+1.03749990E+00
-54.25000E-03,+1.19375002E+00,+968.75000E-03,+1.06874990E+00
-54.20000E-03,+1.25625002E+00,+1.00000000E+00,+1.16249990E+00
-54.15000E-03,+1.35000002E+00,+1.06250000E+00,+1.19374990E+00
-54.10000E-03,+1.38125002E+00,+1.12500000E+00,+1.22499990E+00
-54.05000E-03,+1.50625002E+00,+1.15625000E+00,+1.31874990E+00
-54.00000E-03,+1.56875002E+00,+1.25000000E+00,+1.34999990E+00
-53.95000E-03,+1.60000002E+00,+1.31250000E+00,+1.47499990E+00
-53.90000E-03,+1.69375002E+00,+1.37500000E+00,+1.53749990E+00
-53.85000E-03,+1.72500002E+00,+1.46875000E+00,+1.59999990E+00
-53.80000E-03,+1.81875002E+00,+1.50000000E+00,+1.63124990E+00
-53.75000E-03,+1.91250002E+00,+1.59375000E+00,+1.75624990E+00
-53.70000E-03,+1.91250002E+00,+1.62500000E+00,+1.84999990E+00
-53.65000E-03,+2.03750002E+00,+1.71875000E+00,+1.91249990E+00
-53.60000E-03,+2.06875002E+00,+1.81250000E+00,+1.94374990E+00
-53.55000E-03,+2.19375002E+00,+1.90625000E+00,+2.03749990E+00
-53.50000E-03,+2.22500002E+00,+1.96875000E+00,+2.16249990E+00
-53.45000E-03,+2.25625002E+00,+2.03125000E+00,+2.22499990E+00
-53.40000E-03,+2.35000002E+00,+2.12500000E+00,+2.25624990E+00
-53.35000E-03,+2.35000002E+00,+2.15625000E+00,+2.34999990E+00
-53.30000E-03,+2.41250002E+00,+2.31250000E+00,+2.41249990E+00
-53.25000E-03,+2.44375002E+00,+2.31250000E+00,+2.47499990E+00
-53.20000E-03,+2.47500002E+00,+2.37500000E+00,+2.50624990E+00
-53.15000E-03,+2.50625002E+00,+2.43750000E+00,+2.56874990E+00
-53.10000E-03,+2.50625002E+00,+2.50000000E+00,+2.63124990E+00
-53.05000E-03,+2.53750002E+00,+2.50000000E+00,+2.63124990E+00
-53.00000E-03,+2.56875002E+00,+2.59375000E+00,+2.66249990E+00
-52.95000E-03,+2.53750002E+00,+2.62500000E+00,+2.69374990E+00
-52.90000E-03,+2.47500002E+00,+2.62500000E+00,+2.75624990E+00
-52.85000E-03,+2.47500002E+00,+2.68750000E+00,+2.72499990E+00
-52.80000E-03,+2.47500002E+00,+2.65625000E+00,+2.72499990E+00
-52.75000E-03,+2.41250002E+00,+2.68750000E+00,+2.69374990E+00
-52.70000E-03,+2.41250002E+00,+2.68750000E+00,+2.66249990E+00
-52.65000E-03,+2.38125002E+00,+2.68750000E+00,+2.66249990E+00
-52.60000E-03,+2.28750002E+00,+2.65625000E+00,+2.59999990E+00
-52.55000E-03,+2.22500002E+00,+2.62500000E+00,+2.53749990E+00
-52.50000E-03,+2.16250002E+00,+2.62500000E+00,+2.47499990E+00
-52.45000E-03,+2.06875002E+00,+2.53125000E+00,+2.44374990E+00
-52.40000E-03,+2.00625002E+00,+2.53125000E+00,+2.38124990E+00
-52.35000E-03,+1.91250002E+00,+2.43750000E+00,+2.25624990E+00
-52.30000E-03,+1.85000002E+00,+2.37500000E+00,+2.16249990E+00
-52.25000E-03,+1.75625002E+00,+2.28125000E+00,+2.06874990E+00
-52.20000E-03,+1.66250002E+00,+2.21875000E+00,+2.00624990E+00
-52.15000E-03,+1.56875002E+00,+2.12500000E+00,+1.94374990E+00
-52.10000E-03,+1.47500002E+00,+2.03125000E+00,+1.81874990E+00
-52.05000E-03,+1.38125002E+00,+1.87500000E+00,+1.66249990E+00
-52.00000E-03,+1.31875002E+00,+1.81250000E+00,+1.56874990E+00
-51.95000E-03,+1.19375002E+00,+1.71875000E+00,+1.50624990E+00
-51.90000E-03,+1.13125002E+00,+1.62500000E+00,+1.34999990E+00
-51.85000E-03,+1.06875002E+00,+1.50000000E+00,+1.22499990E+00
-51.80000E-03,+1.00625002E+00,+1.40625000E+00,+1.13124990E+00
-51.75000E-03,+881.25002E-03,+1.25000000E+00,+1.03749990E+00
-51.70000E-03,+818.75002E-03,+1.15625000E+00,+943.74990E-03
-51.65000E-03,+787.50002E-03,+1.06250000E+00,+818.74990E-03
-51.60000E-03,+725.00002E-03,+1.00000000E+00,+724.99990E-03
-51.55000E-03,+725.00002E-03,+875.00000E-03,+693.74990E-03
-51.50000E-03,+662.50002E-03,+812.50000E-03,+599.99990E-03
-51.45000E-03,+725.00002E-03,+750.00000E-03,+568.74990E-03
-51.40000E-03,+725.00002E-03,+687.50000E-03,+506.24990E-03
-51.35000E-03,+725.00002E-03,+593.75000E-03,+474.99990E-03
-51.30000E-03,+756.25002E-03,+593.75000E-03,+474.99990E-03
-51.25000E-03,+756.25002E-03,+500.00000E-03,+474.99990E-03
-51.20000E-03,+818.75002E-03,+500.00000E-03,+506.24990E-03
-51.15000E-03,+850.00002E-03,+468.75000E-03,+537.49990E-03
-51.10000E-03,+975.00002E-03,+562.50000E-03,+537.49990E-03
-51.05000E-03,+1.00625002E+00,+531.25000E-03,+599.99990E-03
-51.00000E-03,+1.10000002E+00,+562.50000E-03,+662.49990E-03
-50.95000E-03,+1.22500002E+00,+593.75000E-03,+756.24990E-03
-50.90000E-03,+1.28750002E+00,+687.50000E-03,+849.99990E-03
-50.85000E-03,+1.41250002E+00,+750.00000E-03,+974.99990E-03
-50.80000E-03,+1.50625002E+00,+875.00000E-03,+1.06874990E+00
-50.75000E-03,+1.63125002E+00,+968.75000E-03,+1.16249990E+00
-50.70000E-03,+1.69375002E+00,+1.03125000E+00,+1.31874990E+00
-50.65000E-03,+1.85000002E+00,+1.15625000E+00,+1.47499990E+00
-50.60000E-03,+1.94375002E+00,+1.31250000E+00,+1.59999990E+00
-50.55000E-03,+2.03750002E+00,+1.40625000E+00,+1.72499990E+00
-50.50000E-03,+2.16250002E+00,+1.56250000E+00,+1.88124990E+00
-50.45000E-03,+2.22500002E+00,+1.68750000E+00,+2.03749990E+00
-50.40000E-03,+2.35000002E+00,+1.84375000E+00,+2.16249990E+00
-50.35000E-03,+2.38125002E+00,+1.96875000E+00,+2.28749990E+00
-50.30000E-03,+2.41250002E+00,+2.12500000E+00,+2.41249990E+00
-50.25000E-03,+2.50625002E+00,+2.21875000E+00,+2.50624990E+00
-50.20000E-03,+2.47500002E+00,+2.34375000E+00,+2.63124990E+00
-50.15000E-03,+2.53750002E+00,+2.43750000E+00,+2.72499990E+00
-50.10000E-03,+2.53750002E+00,+2.56250000E+00,+2.78749990E+00
-50.05000E-03,+2.50625002E+00,+2.62500000E+00,+2.84999990E+00
-50.00000E-03,+2.47500002E+00,+2.68750000E+00,+2.88124990E+00
-49.95000E-03,+2.44375002E+00,+2.75000000E+00,+2.88124990E+00
-49.90000E-03,+2.38125002E+00,+2.81250000E+00,+2.88124990E+00
-49.85000E-03,+2.38125002E+00,+2.78125000E+00,+2.84999990E+00
-49.80000E-03,+2.25625002E+00,+2.81250000E+00,+2.81874990E+00
-49.75000E-03,+2.19375002E+00,+2.81250000E+00,+2.72499990E+00
-49.70000E-03,+2.03750002E+00,+2.78125000E+00,+2.66249990E+00
-49.65000E-03,+1.94375002E+00,+2.75000000E+00,+2.59999990E+00
-49.60000E-03,+1.81875002E+00,+2.65625000E+00,+2.44374990E+00
-49.55000E-03,+1.69375002E+00,+2.56250000E+00,+2.31874990E+00
-49.50000E-03,+1.56875002E+00,+2.46875000E+00,+2.19374990E+00
-49.45000E-03,+1.44375002E+00,+2.37500000E+00,+2.03749990E+00
-49.40000E-03,+1.35000002E+00,+2.18750000E+00,+1.88124990E+00
-49.35000E-03,+1.19375002E+00,+2.06250000E+00,+1.72499990E+00
-49.30000E-03,+1.13125002E+00,+1.93750000E+00,+1.56874990E+00
-49.25000E-03,+1.03750002E+00,+1.75000000E+00,+1.41249990E+00
-49.20000E-03,+912.50002E-03,+1.59375000E+00,+1.19374990E+00
-49.15000E-03,+881.25002E-03,+1.43750000E+00,+1.03749990E+00
-49.10000E-03,+787.50002E-03,+1.28125000E+00,+912.49990E-03
-49.05000E-03,+725.00002E-03,+1.12500000E+00,+787.49990E-03
-49.00000E-03,+725.00002E-03,+1.00000000E+00,+662.49990E-03
-48.95000E-03,+662.50002E-03,+843.75000E-03,+537.49990E-03
-48.90000E-03,+725.00002E-03,+750.00000E-03,+443.74990E-03
-48.85000E-03,+662.50002E-03,+593.75000E-03,+381.24990E-03
-48.80000E-03,+787.50002E-03,+531.25000E-03,+381.24990E-03
-48.75000E-03,+818.75002E-03,+468.75000E-03,+349.99990E-03
-48.70000E-03,+912.50002E-03,+406.25000E-03,+349.99990E-03
-48.65000E-03,+1.00625002E+00,+406.25000E-03,+349.99990E-03
-48.60000E-03,+1.06875002E+00,+437.50000E-03,+412.49990E-03
-48.55000E-03,+1.19375002E+00,+406.25000E-03,+537.49990E-03
-48.50000E-03,+1.31875002E+00,+468.75000E-03,+631.24990E-03
-48.45000E-03,+1.44375002E+00,+562.50000E-03,+693.74990E-03
-48.40000E-03,+1.60000002E+00,+656.25000E-03,+912.49990E-03
-48.35000E-03,+1.78750002E+00,+718.75000E-03,+1.00624990E+00
-48.30000E-03,+1.88125002E+00,+875.00000E-03,+1.19374990E+00
-48.25000E-03,+1.94375002E+00,+1.03125000E+00,+1.38124990E+00
-48.20000E-03,+2.13125002E+00,+1.15625000E+00,+1.53749990E+00
-48.15000E-03,+2.22500002E+00,+1.37500000E+00,+1.75624990E+00
-48.10000E-03,+2.28750002E+00,+1.50000000E+00,+1.97499990E+00
-48.05000E-03,+2.41250002E+00,+1.71875000E+00,+2.16249990E+00
-48.00000E-03,+2.50625002E+00,+1.90625000E+00,+2.34999990E+00
-47.95000E-03,+2.50625002E+00,+2.09375000E+00,+2.47499990E+00
-47.90000E-03,+2.53750002E+00,+2.21875000E+00,+2.63124990E+00
-47.85000E-03,+2.53750002E+00,+2.40625000E+00,+2.75624990E+00
-47.80000E-03,+2.50625002E+00,+2.50000000E+00,+2.84999990E+00
-47.75000E-03,+2.44375002E+00,+2.62500000E+00,+2.94374990E+00
-47.70000E-03,+2.41250002E+00,+2.75000000E+00,+2.97499990E+00
-47.65000E-03,+2.35000002E+00,+2.81250000E+00,+2.97499990E+00
-47.60000E-03,+2.25625002E+00,+2.87500000E+00,+2.97499990E+00
-47.55000E-03,+2.13125002E+00,+2.90625000E+00,+2.94374990E+00
-47.50000E-03,+2.03750002E+00,+2.93750000E+00,+2.88124990E+00
-47.45000E-03,+1.91250002E+00,+2.87500000E+00,+2.75624990E+00
-47.40000E-03,+1.78750002E+00,+2.81250000E+00,+2.66249990E+00
-47.35000E-03,+1.63125002E+00,+2.71875000E+00,+2.47499990E+00
-47.30000E-03,+1.44375002E+00,+2.65625000E+00,+2.31874990E+00
-47.25000E-03,+1.31875002E+00,+2.53125000E+00,+2.13124990E+00
-47.20000E-03,+1.19375002E+00,+2.34375000E+00,+1.91249990E+00
-47.15000E-03,+1.10000002E+00,+2.15625000E+00,+1.72499990E+00
-47.10000E-03,+943.75002E-03,+2.00000000E+00,+1.50624990E+00
-47.05000E-03,+881.25002E-03,+1.78125000E+00,+1.34999990E+00
-47.00000E-03,+818.75002E-03,+1.59375000E+00,+1.13124990E+00
-46.95000E-03,+756.25002E-03,+1.37500000E+00,+943.74990E-03
-46.90000E-03,+725.00002E-03,+1.21875000E+00,+787.49990E-03
-46.85000E-03,+662.50002E-03,+1.03125000E+00,+568.74990E-03
-46.80000E-03,+693.75002E-03,+812.50000E-03,+506.24990E-03
-46.75000E-03,+725.00002E-03,+687.50000E-03,+381.24990E-03
-46.70000E-03,+818.75002E-03,+562.50000E-03,+287.49990E-03
-46.65000E-03,+943.75002E-03,+468.75000E-03,+287.49990E-03
-46.60000E-03,+1.00625002E+00,+406.25000E-03,+256.24990E-03
-46.55000E-03,+1.10000002E+00,+375.00000E-03,+318.74990E-03
-46.50000E-03,+1.22500002E+00,+343.75000E-03,+381.24990E-03
-46.45000E-03,+1.38125002E+00,+343.75000E-03,+443.74990E-03
-46.40000E-03,+1.53750002E+00,+437.50000E-03,+599.99990E-03
-46.35000E-03,+1.69375002E+00,+500.00000E-03,+724.99990E-03
-46.30000E-03,+1.85000002E+00,+593.75000E-03,+912.49990E-03
-46.25000E-03,+1.97500002E+00,+750.00000E-03,+1.13124990E+00
-46.20000E-03,+2.10000002E+00,+906.25000E-03,+1.31874990E+00
-46.15000E-03,+2.22500002E+00,+1.09375000E+00,+1.53749990E+00
-46.10000E-03,+2.35000002E+00,+1.28125000E+00,+1.78749990E+00
-46.05000E-03,+2.41250002E+00,+1.50000000E+00,+1.97499990E+00
-46.00000E-03,+2.47500002E+00,+1.71875000E+00,+2.19374990E+00
-45.95000E-03,+2.50625002E+00,+1.90625000E+00,+2.41249990E+00
-45.90000E-03,+2.53750002E+00,+2.09375000E+00,+2.59999990E+00
-45.85000E-03,+2.53750002E+00,+2.28125000E+00,+2.75624990E+00
-45.80000E-03,+2.44375002E+00,+2.46875000E+00,+2.88124990E+00
-45.75000E-03,+2.41250002E+00,+2.59375000E+00,+2.94374990E+00
-45.70000E-03,+2.35000002E+00,+2.75000000E+00,+3.00624990E+00
-45.65000E-03,+2.22500002E+00,+2.84375000E+00,+3.00624990E+00
-45.60000E-03,+2.10000002E+00,+2.87500000E+00,+3.00624990E+00
-45.55000E-03,+1.97500002E+00,+2.90625000E+00,+2.94374990E+00
-45.50000E-03,+1.78750002E+00,+2.93750000E+00,+2.88124990E+00
-45.45000E-03,+1.63125002E+00,+2.90625000E+00,+2.72499990E+00
-45.40000E-03,+1.50625002E+00,+2.81250000E+00,+2.56874990E+00
-45.35000E-03,+1.28750002E+00,+2.68750000E+00,+2.38124990E+00
-45.30000E-03,+1.19375002E+00,+2.53125000E+00,+2.16249990E+00
-45.25000E-03,+1.03750002E+00,+2.37500000E+00,+1.94374990E+00
-45.20000E-03,+912.50002E-03,+2.18750000E+00,+1.78749990E+00
-45.15000E-03,+850.00002E-03,+2.03125000E+00,+1.47499990E+00
-45.10000E-03,+787.50002E-03,+1.75000000E+00,+1.22499990E+00
-45.05000E-03,+693.75002E-03,+1.56250000E+00,+1.00624990E+00
-45.00000E-03,+693.75002E-03,+1.31250000E+00,+849.99990E-03
-44.95000E-03,+693.75002E-03,+1.09375000E+00,+662.49990E-03
-44.90000E-03,+787.50002E-03,+937.50000E-03,+506.24990E-03
-44.85000E-03,+818.75002E-03,+750.00000E-03,+412.49990E-03
-44.80000E-03,+943.75002E-03,+625.00000E-03,+318.74990E-03
-44.75000E-03,+1.03750002E+00,+531.25000E-03,+256.24990E-03
-44.70000E-03,+1.16250002E+00,+437.50000E-03,+287.49990E-03
-44.65000E-03,+1.31875002E+00,+375.00000E-03,+318.74990E-03
-44.60000E-03,+1.47500002E+00,+375.00000E-03,+412.49990E-03
-44.55000E-03,+1.66250002E+00,+406.25000E-03,+537.49990E-03
-44.50000E-03,+1.81875002E+00,+468.75000E-03,+662.49990E-03
-44.45000E-03,+1.97500002E+00,+562.50000E-03,+849.99990E-03
-44.40000E-03,+2.10000002E+00,+718.75000E-03,+1.06874990E+00
-44.35000E-03,+2.25625002E+00,+906.25000E-03,+1.28749990E+00
-44.30000E-03,+2.38125002E+00,+1.09375000E+00,+1.53749990E+00
-44.25000E-03,+2.41250002E+00,+1.28125000E+00,+1.78749990E+00
-44.20000E-03,+2.53750002E+00,+1.50000000E+00,+2.00624990E+00
-44.15000E-03,+2.50625002E+00,+1.75000000E+00,+2.25624990E+00
-44.10000E-03,+2.50625002E+00,+1.90625000E+00,+2.44374990E+00
-44.05000E-03,+2.50625002E+00,+2.18750000E+00,+2.69374990E+00
-44.00000E-03,+2.41250002E+00,+2.37500000E+00,+2.78749990E+00
-43.95000E-03,+2.31875002E+00,+2.53125000E+00,+2.94374990E+00
-43.90000E-03,+2.22500002E+00,+2.68750000E+00,+3.00624990E+00
-43.85000E-03,+2.06875002E+00,+2.78125000E+00,+3.00624990E+00
-43.80000E-03,+1.97500002E+00,+2.87500000E+00,+2.97499990E+00
-43.75000E-03,+1.81875002E+00,+2.90625000E+00,+2.94374990E+00
-43.70000E-03,+1.56875002E+00,+2.87500000E+00,+2.81874990E+00
-43.65000E-03,+1.47500002E+00,+2.84375000E+00,+2.66249990E+00
-43.60000E-03,+1.25625002E+00,+2.75000000E+00,+2.50624990E+00
-43.55000E-03,+1.13125002E+00,+2.62500000E+00,+2.31874990E+00
-43.50000E-03,+1.00625002E+00,+2.50000000E+00,+2.06874990E+00
-43.45000E-03,+881.25002E-03,+2.28125000E+00,+1.78749990E+00
-43.40000E-03,+756.25002E-03,+2.09375000E+00,+1.56874990E+00
-43.35000E-03,+756.25002E-03,+1.84375000E+00,+1.31874990E+00
-43.30000E-03,+693.75002E-03,+1.62500000E+00,+1.09999990E+00
-43.25000E-03,+725.00002E-03,+1.37500000E+00,+881.24990E-03
-43.20000E-03,+756.25002E-03,+1.18750000E+00,+662.49990E-03
-43.15000E-03,+818.75002E-03,+968.75000E-03,+537.49990E-03
-43.10000E-03,+943.75002E-03,+812.50000E-03,+412.49990E-03
-43.05000E-03,+1.03750002E+00,+625.00000E-03,+349.99990E-03
-43.00000E-03,+1.22500002E+00,+531.25000E-03,+287.49990E-03
-42.95000E-03,+1.38125002E+00,+468.75000E-03,+287.49990E-03
-42.90000E-03,+1.56875002E+00,+468.75000E-03,+443.74990E-03
-42.85000E-03,+1.72500002E+00,+437.50000E-03,+537.49990E-03
-42.80000E-03,+1.88125002E+00,+500.00000E-03,+599.99990E-03
-42.75000E-03,+2.03750002E+00,+562.50000E-03,+849.99990E-03
-42.70000E-03,+2.19375002E+00,+718.75000E-03,+1.03749990E+00
-42.65000E-03,+2.31875002E+00,+843.75000E-03,+1.28749990E+00
-42.60000E-03,+2.41250002E+00,+1.06250000E+00,+1.47499990E+00
-42.55000E-03,+2.47500002E+00,+1.28125000E+00,+1.78749990E+00
-42.50000E-03,+2.50625002E+00,+1.50000000E+00,+2.06874990E+00
-42.45000E-03,+2.50625002E+00,+1.68750000E+00,+2.25624990E+00
-42.40000E-03,+2.50625002E+00,+1.90625000E+00,+2.47499990E+00
-42.35000E-03,+2.38125002E+00,+2.15625000E+00,+2.66249990E+00
-42.30000E-03,+2.31875002E+00,+2.34375000E+00,+2.78749990E+00
-42.25000E-03,+2.16250002E+00,+2.50000000E+00,+2.91249990E+00
-42.20000E-03,+2.00625002E+00,+2.62500000E+00,+2.94374990E+00
-42.15000E-03,+1.81875002E+00,+2.71875000E+00,+2.91249990E+00
-42.10000E-03,+1.69375002E+00,+2.78125000E+00,+2.91249990E+00
-42.05000E-03,+1.50625002E+00,+2.78125000E+00,+2.78749990E+00
-42.00000E-03,+1.28750002E+00,+2.81250000E+00,+2.66249990E+00
-41.95000E-03,+1.16250002E+00,+2.65625000E+00,+2.47499990E+00
-41.90000E-03,+1.00625002E+00,+2.56250000E+00,+2.25624990E+00
-41.85000E-03,+881.25002E-03,+2.43750000E+00,+2.03749990E+00
-41.80000E-03,+787.50002E-03,+2.25000000E+00,+1.81874990E+00
-41.75000E-03,+756.25002E-03,+2.06250000E+00,+1.53749990E+00
-41.70000E-03,+693.75002E-03,+1.84375000E+00,+1.28749990E+00
-41.65000E-03,+756.25002E-03,+1.62500000E+00,+1.03749990E+00
-41.60000E-03,+787.50002E-03,+1.34375000E+00,+849.99990E-03
-41.55000E-03,+881.25002E-03,+1.15625000E+00,+662.49990E-03
-41.50000E-03,+975.00002E-03,+968.75000E-03,+506.24990E-03
-41.45000E-03,+1.13125002E+00,+781.25000E-03,+443.74990E-03
-41.40000E-03,+1.25625002E+00,+656.25000E-03,+412.49990E-03
-41.35000E-03,+1.47500002E+00,+562.50000E-03,+412.49990E-03
-41.30000E-03,+1.63125002E+00,+500.00000E-03,+443.74990E-03
-41.25000E-03,+1.81875002E+00,+531.25000E-03,+537.49990E-03
-41.20000E-03,+2.03750002E+00,+562.50000E-03,+693.74990E-03
-41.15000E-03,+2.16250002E+00,+625.00000E-03,+881.24990E-03
-41.10000E-03,+2.31875002E+00,+781.25000E-03,+1.06874990E+00
-41.05000E-03,+2.41250002E+00,+937.50000E-03,+1.34999990E+00
-41.00000E-03,+2.47500002E+00,+1.09375000E+00,+1.56874990E+00
-40.95000E-03,+2.53750002E+00,+1.31250000E+00,+1.81874990E+00
-40.90000E-03,+2.50625002E+00,+1.53125000E+00,+2.06874990E+00
-40.85000E-03,+2.47500002E+00,+1.78125000E+00,+2.25624990E+00
-40.80000E-03,+2.35000002E+00,+1.96875000E+00,+2.47499990E+00
-40.75000E-03,+2.28750002E+00,+2.21875000E+00,+2.63124990E+00
-40.70000E-03,+2.19375002E+00,+2.37500000E+00,+2.75624990E+00
-40.65000E-03,+1.97500002E+00,+2.50000000E+00,+2.81874990E+00
-40.60000E-03,+1.78750002E+00,+2.59375000E+00,+2.88124990E+00
-40.55000E-03,+1.66250002E+00,+2.68750000E+00,+2.81874990E+00
-40.50000E-03,+1.44375002E+00,+2.71875000E+00,+2.75624990E+00
-40.45000E-03,+1.25625002E+00,+2.68750000E+00,+2.59999990E+00
-40.40000E-03,+1.10000002E+00,+2.62500000E+00,+2.44374990E+00
-40.35000E-03,+912.50002E-03,+2.53125000E+00,+2.22499990E+00
-40.30000E-03,+850.00002E-03,+2.37500000E+00,+2.00624990E+00
-40.25000E-03,+787.50002E-03,+2.21875000E+00,+1.75624990E+00
-40.20000E-03,+693.75002E-03,+2.03125000E+00,+1.53749990E+00
-40.15000E-03,+693.75002E-03,+1.81250000E+00,+1.25624990E+00
-40.10000E-03,+725.00002E-03,+1.56250000E+00,+1.03749990E+00
-40.05000E-03,+850.00002E-03,+1.37500000E+00,+849.99990E-03
-40.00000E-03,+975.00002E-03,+1.15625000E+00,+693.74990E-03
-39.95000E-03,+1.13125002E+00,+968.75000E-03,+568.74990E-03
-39.90000E-03,+1.25625002E+00,+843.75000E-03,+474.99990E-03
-39.85000E-03,+1.41250002E+00,+687.50000E-03,+474.99990E-03
-39.80000E-03,+1.63125002E+00,+593.75000E-03,+506.24990E-03
-39.75000E-03,+1.85000002E+00,+625.00000E-03,+599.99990E-03
-39.70000E-03,+2.06875002E+00,+625.00000E-03,+693.74990E-03
-39.65000E-03,+2.16250002E+00,+656.25000E-03,+849.99990E-03
-39.60000E-03,+2.28750002E+00,+781.25000E-03,+1.06874990E+00
-39.55000E-03,+2.41250002E+00,+937.50000E-03,+1.31874990E+00
-39.50000E-03,+2.47500002E+00,+1.09375000E+00,+1.53749990E+00
-39.45000E-03,+2.53750002E+00,+1.31250000E+00,+1.78749990E+00
-39.40000E-03,+2.50625002E+00,+1.50000000E+00,+2.03749990E+00
-39.35000E-03,+2.41250002E+00,+1.75000000E+00,+2.22499990E+00
-39.30000E-03,+2.35000002E+00,+1.93750000E+00,+2.44374990E+00
-39.25000E-03,+2.19375002E+00,+2.12500000E+00,+2.59999990E+00
-39.20000E-03,+2.10000002E+00,+2.28125000E+00,+2.69374990E+00
-39.15000E-03,+1.85000002E+00,+2.50000000E+00,+2.78749990E+00
-39.10000E-03,+1.66250002E+00,+2.56250000E+00,+2.75624990E+00
-39.05000E-03,+1.47500002E+00,+2.59375000E+00,+2.72499990E+00
-39.00000E-03,+1.22500002E+00,+2.65625000E+00,+2.59999990E+00
-38.95000E-03,+1.10000002E+00,+2.62500000E+00,+2.50624990E+00
-38.90000E-03,+975.00002E-03,+2.53125000E+00,+2.25624990E+00
-38.85000E-03,+850.00002E-03,+2.43750000E+00,+2.13124990E+00
-38.80000E-03,+756.25002E-03,+2.25000000E+00,+1.84999990E+00
-38.75000E-03,+725.00002E-03,+2.09375000E+00,+1.63124990E+00
-38.70000E-03,+756.25002E-03,+1.90625000E+00,+1.44374990E+00
-38.65000E-03,+787.50002E-03,+1.65625000E+00,+1.13124990E+00
-38.60000E-03,+881.25002E-03,+1.43750000E+00,+974.99990E-03
-38.55000E-03,+975.00002E-03,+1.28125000E+00,+787.49990E-03
-38.50000E-03,+1.16250002E+00,+1.03125000E+00,+662.49990E-03
-38.45000E-03,+1.35000002E+00,+906.25000E-03,+568.74990E-03
-38.40000E-03,+1.50625002E+00,+781.25000E-03,+537.49990E-03
-38.35000E-03,+1.75625002E+00,+687.50000E-03,+599.99990E-03
-38.30000E-03,+1.91250002E+00,+718.75000E-03,+662.49990E-03
-38.25000E-03,+2.13125002E+00,+687.50000E-03,+787.49990E-03
-38.20000E-03,+2.28750002E+00,+781.25000E-03,+974.99990E-03
-38.15000E-03,+2.38125002E+00,+875.00000E-03,+1.16249990E+00
-38.10000E-03,+2.47500002E+00,+1.00000000E+00,+1.38124990E+00
-38.05000E-03,+2.53750002E+00,+1.15625000E+00,+1.56874990E+00
-38.00000E-03,+2.50625002E+00,+1.34375000E+00,+1.88124990E+00
-37.95000E-03,+2.44375002E+00,+1.56250000E+00,+2.06874990E+00
-37.90000E-03,+2.31875002E+00,+1.78125000E+00,+2.28749990E+00
-37.85000E-03,+2.19375002E+00,+2.00000000E+00,+2.44374990E+00
-37.80000E-03,+2.06875002E+00,+2.15625000E+00,+2.59999990E+00
-37.75000E-03,+1.85000002E+00,+2.31250000E+00,+2.66249990E+00
-37.70000E-03,+1.69375002E+00,+2.43750000E+00,+2.72499990E+00
-37.65000E-03,+1.47500002E+00,+2.53125000E+00,+2.63124990E+00
-37.60000E-03,+1.28750002E+00,+2.56250000E+00,+2.59999990E+00
-37.55000E-03,+1.03750002E+00,+2.53125000E+00,+2.44374990E+00
-37.50000E-03,+943.75002E-03,+2.46875000E+00,+2.28749990E+00
-37.45000E-03,+850.00002E-03,+2.37500000E+00,+2.09999990E+00
-37.40000E-03,+756.25002E-03,+2.25000000E+00,+1.84999990E+00
-37.35000E-03,+725.00002E-03,+2.09375000E+00,+1.63124990E+00
-37.30000E-03,+787.50002E-03,+1.87500000E+00,+1.41249990E+00
-37.25000E-03,+787.50002E-03,+1.68750000E+00,+1.19374990E+00
-37.20000E-03,+912.50002E-03,+1.43750000E+00,+1.03749990E+00
-37.15000E-03,+1.03750002E+00,+1.25000000E+00,+881.24990E-03
-37.10000E-03,+1.25625002E+00,+1.09375000E+00,+724.99990E-03
-37.05000E-03,+1.38125002E+00,+968.75000E-03,+631.24990E-03
-37.00000E-03,+1.63125002E+00,+843.75000E-03,+631.24990E-03
-36.95000E-03,+1.81875002E+00,+812.50000E-03,+662.49990E-03
-36.90000E-03,+2.06875002E+00,+750.00000E-03,+756.24990E-03
-36.85000E-03,+2.19375002E+00,+750.00000E-03,+849.99990E-03
-36.80000E-03,+2.35000002E+00,+843.75000E-03,+1.03749990E+00
-36.75000E-03,+2.44375002E+00,+968.75000E-03,+1.25624990E+00
-36.70000E-03,+2.47500002E+00,+1.09375000E+00,+1.44374990E+00
-36.65000E-03,+2.47500002E+00,+1.25000000E+00,+1.69374990E+00
-36.60000E-03,+2.50625002E+00,+1.43750000E+00,+1.94374990E+00
-36.55000E-03,+2.41250002E+00,+1.65625000E+00,+2.13124990E+00
-36.50000E-03,+2.25625002E+00,+1.84375000E+00,+2.31874990E+00
-36.45000E-03,+2.10000002E+00,+2.06250000E+00,+2.44374990E+00
-36.40000E-03,+1.91250002E+00,+2.21875000E+00,+2.53749990E+00
-36.35000E-03,+1.66250002E+00,+2.34375000E+00,+2.56874990E+00
-36.30000E-03,+1.50625002E+00,+2.43750000E+00,+2.59999990E+00
-36.25000E-03,+1.28750002E+00,+2.50000000E+00,+2.50624990E+00
-36.20000E-03,+1.10000002E+00,+2.46875000E+00,+2.44374990E+00
-36.15000E-03,+943.75002E-03,+2.46875000E+00,+2.28749990E+00
-36.10000E-03,+787.50002E-03,+2.34375000E+00,+2.09999990E+00
-36.05000E-03,+725.00002E-03,+2.25000000E+00,+1.91249990E+00
-36.00000E-03,+725.00002E-03,+2.06250000E+00,+1.69374990E+00
-35.95000E-03,+725.00002E-03,+1.87500000E+00,+1.47499990E+00
-35.90000E-03,+818.75002E-03,+1.68750000E+00,+1.25624990E+00
-35.85000E-03,+943.75002E-03,+1.50000000E+00,+1.00624990E+00
-35.80000E-03,+1.10000002E+00,+1.34375000E+00,+912.49990E-03
-35.75000E-03,+1.25625002E+00,+1.12500000E+00,+818.74990E-03
-35.70000E-03,+1.50625002E+00,+968.75000E-03,+693.74990E-03
-35.65000E-03,+1.72500002E+00,+937.50000E-03,+693.74990E-03
-35.60000E-03,+1.91250002E+00,+875.00000E-03,+724.99990E-03
-35.55000E-03,+2.10000002E+00,+843.75000E-03,+818.74990E-03
-35.50000E-03,+2.28750002E+00,+875.00000E-03,+974.99990E-03
-35.45000E-03,+2.41250002E+00,+937.50000E-03,+1.16249990E+00
-35.40000E-03,+2.50625002E+00,+1.03125000E+00,+1.31874990E+00
-35.35000E-03,+2.53750002E+00,+1.15625000E+00,+1.56874990E+00
-35.30000E-03,+2.47500002E+00,+1.37500000E+00,+1.81874990E+00
-35.25000E-03,+2.41250002E+00,+1.53125000E+00,+2.00624990E+00
-35.20000E-03,+2.28750002E+00,+1.68750000E+00,+2.16249990E+00
-35.15000E-03,+2.10000002E+00,+1.93750000E+00,+2.38124990E+00
-35.10000E-03,+1.94375002E+00,+2.06250000E+00,+2.44374990E+00
-35.05000E-03,+1.75625002E+00,+2.21875000E+00,+2.50624990E+00
-35.00000E-03,+1.50625002E+00,+2.34375000E+00,+2.53749990E+00
-34.95000E-03,+1.28750002E+00,+2.40625000E+00,+2.50624990E+00
-34.90000E-03,+1.13125002E+00,+2.40625000E+00,+2.44374990E+00
-34.85000E-03,+943.75002E-03,+2.40625000E+00,+2.28749990E+00
-34.80000E-03,+850.00002E-03,+2.31250000E+00,+2.09999990E+00
-34.75000E-03,+756.25002E-03,+2.21875000E+00,+1.94374990E+00
-34.70000E-03,+725.00002E-03,+2.09375000E+00,+1.69374990E+00
-34.65000E-03,+756.25002E-03,+1.90625000E+00,+1.50624990E+00
-34.60000E-03,+850.00002E-03,+1.71875000E+00,+1.28749990E+00
-34.55000E-03,+975.00002E-03,+1.56250000E+00,+1.13124990E+00
-34.50000E-03,+1.10000002E+00,+1.34375000E+00,+943.74990E-03
-34.45000E-03,+1.28750002E+00,+1.21875000E+00,+849.99990E-03
-34.40000E-03,+1.50625002E+00,+1.09375000E+00,+787.49990E-03
-34.35000E-03,+1.75625002E+00,+968.75000E-03,+724.99990E-03
-34.30000E-03,+1.97500002E+00,+906.25000E-03,+787.49990E-03
-34.25000E-03,+2.10000002E+00,+906.25000E-03,+912.49990E-03
-34.20000E-03,+2.28750002E+00,+906.25000E-03,+1.03749990E+00
-34.15000E-03,+2.41250002E+00,+968.75000E-03,+1.19374990E+00
-34.10000E-03,+2.50625002E+00,+1.09375000E+00,+1.38124990E+00
-34.05000E-03,+2.47500002E+00,+1.21875000E+00,+1.59999990E+00
-34.00000E-03,+2.41250002E+00,+1.37500000E+00,+1.78749990E+00
-33.95000E-03,+2.41250002E+00,+1.56250000E+00,+1.97499990E+00
-33.90000E-03,+2.22500002E+00,+1.78125000E+00,+2.19374990E+00
-33.85000E-03,+2.06875002E+00,+1.96875000E+00,+2.34999990E+00
-33.80000E-03,+1.85000002E+00,+2.06250000E+00,+2.44374990E+00
-33.75000E-03,+1.66250002E+00,+2.25000000E+00,+2.47499990E+00
-33.70000E-03,+1.44375002E+00,+2.34375000E+00,+2.47499990E+00
-33.65000E-03,+1.19375002E+00,+2.34375000E+00,+2.44374990E+00
-33.60000E-03,+1.00625002E+00,+2.37500000E+00,+2.31874990E+00
-33.55000E-03,+912.50002E-03,+2.34375000E+00,+2.16249990E+00
-33.50000E-03,+756.25002E-03,+2.28125000E+00,+2.00624990E+00
-33.45000E-03,+725.00002E-03,+2.09375000E+00,+1.81874990E+00
-33.40000E-03,+725.00002E-03,+1.96875000E+00,+1.63124990E+00
-33.35000E-03,+787.50002E-03,+1.81250000E+00,+1.41249990E+00
-33.30000E-03,+912.50002E-03,+1.65625000E+00,+1.16249990E+00
-33.25000E-03,+1.10000002E+00,+1.46875000E+00,+1.03749990E+00
-33.20000E-03,+1.28750002E+00,+1.28125000E+00,+943.74990E-03
-33.15000E-03,+1.50625002E+00,+1.12500000E+00,+849.99990E-03
-33.10000E-03,+1.72500002E+00,+1.03125000E+00,+818.74990E-03
-33.05000E-03,+1.91250002E+00,+968.75000E-03,+849.99990E-03
-33.00000E-03,+2.13125002E+00,+906.25000E-03,+943.74990E-03
-32.95000E-03,+2.28750002E+00,+906.25000E-03,+1.03749990E+00
-32.90000E-03,+2.41250002E+00,+1.00000000E+00,+1.16249990E+00
-32.85000E-03,+2.44375002E+00,+1.12500000E+00,+1.34999990E+00
-32.80000E-03,+2.50625002E+00,+1.25000000E+00,+1.56874990E+00
-32.75000E-03,+2.41250002E+00,+1.37500000E+00,+1.72499990E+00
-32.70000E-03,+2.35000002E+00,+1.59375000E+00,+2.00624990E+00
-32.65000E-03,+2.25625002E+00,+1.75000000E+00,+2.16249990E+00
-32.60000E-03,+2.03750002E+00,+1.90625000E+00,+2.28749990E+00
-32.55000E-03,+1.81875002E+00,+2.09375000E+00,+2.41249990E+00
-32.50000E-03,+1.60000002E+00,+2.15625000E+00,+2.44374990E+00
-32.45000E-03,+1.35000002E+00,+2.31250000E+00,+2.41249990E+00
-32.40000E-03,+1.16250002E+00,+2.31250000E+00,+2.34999990E+00
-32.35000E-03,+975.00002E-03,+2.31250000E+00,+2.25624990E+00
-32.30000E-03,+818.75002E-03,+2.28125000E+00,+2.16249990E+00
-32.25000E-03,+756.25002E-03,+2.21875000E+00,+1.94374990E+00
-32.20000E-03,+693.75002E-03,+2.09375000E+00,+1.75624990E+00
-32.15000E-03,+787.50002E-03,+1.96875000E+00,+1.56874990E+00
-32.10000E-03,+818.75002E-03,+1.75000000E+00,+1.34999990E+00
-32.05000E-03,+1.00625002E+00,+1.59375000E+00,+1.16249990E+00
-32.00000E-03,+1.13125002E+00,+1.43750000E+00,+1.03749990E+00
-31.95000E-03,+1.38125002E+00,+1.25000000E+00,+943.74990E-03
-31.90000E-03,+1.60000002E+00,+1.12500000E+00,+881.24990E-03
-31.85000E-03,+1.81875002E+00,+1.06250000E+00,+849.99990E-03
-31.80000E-03,+2.03750002E+00,+1.00000000E+00,+912.49990E-03
-31.75000E-03,+2.22500002E+00,+968.75000E-03,+974.99990E-03
-31.70000E-03,+2.35000002E+00,+1.03125000E+00,+1.13124990E+00
-31.65000E-03,+2.50625002E+00,+1.09375000E+00,+1.28749990E+00
-31.60000E-03,+2.50625002E+00,+1.18750000E+00,+1.50624990E+00
-31.55000E-03,+2.47500002E+00,+1.28125000E+00,+1.72499990E+00
-31.50000E-03,+2.38125002E+00,+1.46875000E+00,+1.84999990E+00
-31.45000E-03,+2.22500002E+00,+1.62500000E+00,+2.06874990E+00
-31.40000E-03,+2.13125002E+00,+1.84375000E+00,+2.19374990E+00
-31.35000E-03,+1.88125002E+00,+1.96875000E+00,+2.28749990E+00
-31.30000E-03,+1.66250002E+00,+2.12500000E+00,+2.34999990E+00
-31.25000E-03,+1.41250002E+00,+2.21875000E+00,+2.38124990E+00
-31.20000E-03,+1.19375002E+00,+2.28125000E+00,+2.38124990E+00
-31.15000E-03,+1.00625002E+00,+2.31250000E+00,+2.25624990E+00
-31.10000E-03,+881.25002E-03,+2.21875000E+00,+2.16249990E+00
-31.05000E-03,+756.25002E-03,+2.21875000E+00,+2.03749990E+00
-31.00000E-03,+756.25002E-03,+2.09375000E+00,+1.81874990E+00
-30.95000E-03,+756.25002E-03,+1.96875000E+00,+1.59999990E+00
-30.90000E-03,+850.00002E-03,+1.81250000E+00,+1.41249990E+00
-30.85000E-03,+975.00002E-03,+1.62500000E+00,+1.22499990E+00
-30.80000E-03,+1.13125002E+00,+1.50000000E+00,+1.06874990E+00
-30.75000E-03,+1.35000002E+00,+1.31250000E+00,+943.74990E-03
-30.70000E-03,+1.56875002E+00,+1.21875000E+00,+912.49990E-03
-30.65000E-03,+1.81875002E+00,+1.06250000E+00,+912.49990E-03
-30.60000E-03,+2.06875002E+00,+1.03125000E+00,+881.24990E-03
-30.55000E-03,+2.22500002E+00,+1.00000000E+00,+1.00624990E+00
-30.50000E-03,+2.38125002E+00,+1.03125000E+00,+1.16249990E+00
-30.45000E-03,+2.44375002E+00,+1.09375000E+00,+1.28749990E+00
-30.40000E-03,+2.53750002E+00,+1.21875000E+00,+1.50624990E+00
-30.35000E-03,+2.47500002E+00,+1.37500000E+00,+1.69374990E+00
-30.30000E-03,+2.41250002E+00,+1.53125000E+00,+1.84999990E+00
-30.25000E-03,+2.22500002E+00,+1.65625000E+00,+2.03749990E+00
-30.20000E-03,+2.06875002E+00,+1.84375000E+00,+2.19374990E+00
-30.15000E-03,+1.81875002E+00,+1.93750000E+00,+2.31874990E+00
-30.10000E-03,+1.56875002E+00,+2.09375000E+00,+2.34999990E+00
-30.05000E-03,+1.38125002E+00,+2.18750000E+00,+2.38124990E+00
-30.00000E-03,+1.13125002E+00,+2.25000000E+00,+2.31874990E+00
-29.95000E-03,+975.00002E-03,+2.25000000E+00,+2.19374990E+00
-29.90000E-03,+850.00002E-03,+2.21875000E+00,+2.13124990E+00
-29.85000E-03,+756.25002E-03,+2.18750000E+00,+1.94374990E+00
-29.80000E-03,+725.00002E-03,+2.03125000E+00,+1.72499990E+00
-29.75000E-03,+787.50002E-03,+1.87500000E+00,+1.56874990E+00
-29.70000E-03,+850.00002E-03,+1.75000000E+00,+1.34999990E+00
-29.65000E-03,+1.06875002E+00,+1.56250000E+00,+1.19374990E+00
-29.60000E-03,+1.22500002E+00,+1.40625000E+00,+1.06874990E+00
-29.55000E-03,+1.50625002E+00,+1.28125000E+00,+974.99990E-03
-29.50000E-03,+1.69375002E+00,+1.15625000E+00,+943.74990E-03
-29.45000E-03,+1.97500002E+00,+1.06250000E+00,+912.49990E-03
-29.40000E-03,+2.13125002E+00,+1.03125000E+00,+974.99990E-03
-29.35000E-03,+2.31875002E+00,+1.03125000E+00,+1.13124990E+00
-29.30000E-03,+2.47500002E+00,+1.09375000E+00,+1.25624990E+00
-29.25000E-03,+2.47500002E+00,+1.15625000E+00,+1.41249990E+00
-29.20000E-03,+2.50625002E+00,+1.28125000E+00,+1.59999990E+00
-29.15000E-03,+2.38125002E+00,+1.46875000E+00,+1.78749990E+00
-29.10000E-03,+2.28750002E+00,+1.62500000E+00,+1.97499990E+00
-29.05000E-03,+2.13125002E+00,+1.75000000E+00,+2.13124990E+00
-29.00000E-03,+1.97500002E+00,+1.90625000E+00,+2.22499990E+00
-28.95000E-03,+1.66250002E+00,+2.00000000E+00,+2.34999990E+00
-28.90000E-03,+1.38125002E+00,+2.12500000E+00,+2.34999990E+00
-28.85000E-03,+1.22500002E+00,+2.25000000E+00,+2.31874990E+00
-28.80000E-03,+975.00002E-03,+2.25000000E+00,+2.25624990E+00
-28.75000E-03,+881.25002E-03,+2.21875000E+00,+2.13124990E+00
-28.70000E-03,+725.00002E-03,+2.15625000E+00,+1.97499990E+00
-28.65000E-03,+756.25002E-03,+2.03125000E+00,+1.78749990E+00
-28.60000E-03,+818.75002E-03,+1.90625000E+00,+1.56874990E+00
-28.55000E-03,+850.00002E-03,+1.78125000E+00,+1.38124990E+00
-28.50000E-03,+1.03750002E+00,+1.62500000E+00,+1.25624990E+00
-28.45000E-03,+1.22500002E+00,+1.43750000E+00,+1.09999990E+00
-28.40000E-03,+1.44375002E+00,+1.28125000E+00,+1.03749990E+00
-28.35000E-03,+1.69375002E+00,+1.21875000E+00,+912.49990E-03
-28.30000E-03,+1.94375002E+00,+1.12500000E+00,+974.99990E-03
-28.25000E-03,+2.13125002E+00,+1.06250000E+00,+1.03749990E+00
-28.20000E-03,+2.28750002E+00,+1.06250000E+00,+1.09999990E+00
-28.15000E-03,+2.44375002E+00,+1.09375000E+00,+1.28749990E+00
-28.10000E-03,+2.47500002E+00,+1.18750000E+00,+1.41249990E+00
-28.05000E-03,+2.47500002E+00,+1.31250000E+00,+1.59999990E+00
-28.00000E-03,+2.44375002E+00,+1.46875000E+00,+1.78749990E+00
-27.95000E-03,+2.25625002E+00,+1.59375000E+00,+2.00624990E+00
-27.90000E-03,+2.10000002E+00,+1.71875000E+00,+2.13124990E+00
-27.85000E-03,+1.88125002E+00,+1.90625000E+00,+2.19374990E+00
-27.80000E-03,+1.63125002E+00,+2.03125000E+00,+2.25624990E+00
-27.75000E-03,+1.35000002E+00,+2.09375000E+00,+2.31874990E+00
-27.70000E-03,+1.16250002E+00,+2.18750000E+00,+2.25624990E+00
-27.65000E-03,+943.75002E-03,+2.25000000E+00,+2.22499990E+00
-27.60000E-03,+850.00002E-03,+2.15625000E+00,+2.06874990E+00
-27.55000E-03,+725.00002E-03,+2.12500000E+00,+1.94374990E+00
-27.50000E-03,+725.00002E-03,+2.00000000E+00,+1.69374990E+00
-27.45000E-03,+787.50002E-03,+1.90625000E+00,+1.56874990E+00
-27.40000E-03,+912.50002E-03,+1.75000000E+00,+1.38124990E+00
-27.35000E-03,+1.06875002E+00,+1.56250000E+00,+1.19374990E+00
-27.30000E-03,+1.28750002E+00,+1.40625000E+00,+1.06874990E+00
-27.25000E-03,+1.53750002E+00,+1.28125000E+00,+1.00624990E+00
-27.20000E-03,+1.78750002E+00,+1.15625000E+00,+1.00624990E+00
-27.15000E-03,+2.03750002E+00,+1.12500000E+00,+974.99990E-03
-27.10000E-03,+2.19375002E+00,+1.09375000E+00,+1.06874990E+00
-27.05000E-03,+2.38125002E+00,+1.09375000E+00,+1.19374990E+00
-27.00000E-03,+2.50625002E+00,+1.15625000E+00,+1.34999990E+00
-26.95000E-03,+2.53750002E+00,+1.25000000E+00,+1.50624990E+00
-26.90000E-03,+2.47500002E+00,+1.37500000E+00,+1.69374990E+00
-26.85000E-03,+2.38125002E+00,+1.50000000E+00,+1.84999990E+00
-26.80000E-03,+2.16250002E+00,+1.65625000E+00,+2.03749990E+00
-26.75000E-03,+1.97500002E+00,+1.81250000E+00,+2.16249990E+00
-26.70000E-03,+1.75625002E+00,+1.93750000E+00,+2.25624990E+00
-26.65000E-03,+1.50625002E+00,+2.06250000E+00,+2.28749990E+00
-26.60000E-03,+1.25625002E+00,+2.12500000E+00,+2.25624990E+00
-26.55000E-03,+1.03750002E+00,+2.15625000E+00,+2.22499990E+00
-26.50000E-03,+881.25002E-03,+2.18750000E+00,+2.13124990E+00
-26.45000E-03,+756.25002E-03,+2.12500000E+00,+1.97499990E+00
-26.40000E-03,+725.00002E-03,+2.00000000E+00,+1.81874990E+00
-26.35000E-03,+725.00002E-03,+1.93750000E+00,+1.63124990E+00
-26.30000E-03,+850.00002E-03,+1.78125000E+00,+1.44374990E+00
-26.25000E-03,+1.00625002E+00,+1.65625000E+00,+1.31874990E+00
-26.20000E-03,+1.25625002E+00,+1.50000000E+00,+1.16249990E+00
-26.15000E-03,+1.47500002E+00,+1.37500000E+00,+1.06874990E+00
-26.10000E-03,+1.66250002E+00,+1.21875000E+00,+1.00624990E+00
-26.05000E-03,+1.97500002E+00,+1.15625000E+00,+1.03749990E+00
-26.00000E-03,+2.16250002E+00,+1.09375000E+00,+1.06874990E+00
-25.95000E-03,+2.38125002E+00,+1.12500000E+00,+1.19374990E+00
-25.90000E-03,+2.44375002E+00,+1.15625000E+00,+1.28749990E+00
-25.85000E-03,+2.47500002E+00,+1.25000000E+00,+1.47499990E+00
-25.80000E-03,+2.47500002E+00,+1.37500000E+00,+1.66249990E+00
-25.75000E-03,+2.35000002E+00,+1.46875000E+00,+1.84999990E+00
-25.70000E-03,+2.22500002E+00,+1.65625000E+00,+2.00624990E+00
-25.65000E-03,+1.97500002E+00,+1.78125000E+00,+2.09999990E+00
-25.60000E-03,+1.78750002E+00,+1.93750000E+00,+2.19374990E+00
-25.55000E-03,+1.50625002E+00,+2.03125000E+00,+2.25624990E+00
-25.50000E-03,+1.28750002E+00,+2.12500000E+00,+2.25624990E+00
-25.45000E-03,+1.06875002E+00,+2.12500000E+00,+2.22499990E+00
-25.40000E-03,+881.25002E-03,+2.15625000E+00,+2.06874990E+00
-25.35000E-03,+756.25002E-03,+2.12500000E+00,+1.97499990E+00
-25.30000E-03,+693.75002E-03,+2.09375000E+00,+1.78749990E+00
-25.25000E-03,+725.00002E-03,+1.90625000E+00,+1.63124990E+00
-25.20000E-03,+850.00002E-03,+1.78125000E+00,+1.44374990E+00
-25.15000E-03,+1.06875002E+00,+1.62500000E+00,+1.28749990E+00
-25.10000E-03,+1.22500002E+00,+1.50000000E+00,+1.16249990E+00
-25.05000E-03,+1.50625002E+00,+1.40625000E+00,+1.06874990E+00
-25.00000E-03,+1.75625002E+00,+1.28125000E+00,+1.03749990E+00
-24.95000E-03,+1.97500002E+00,+1.15625000E+00,+1.03749990E+00
-24.90000E-03,+2.19375002E+00,+1.15625000E+00,+1.13124990E+00
-24.85000E-03,+2.35000002E+00,+1.12500000E+00,+1.16249990E+00
-24.80000E-03,+2.47500002E+00,+1.18750000E+00,+1.34999990E+00
-24.75000E-03,+2.47500002E+00,+1.25000000E+00,+1.47499990E+00
-24.70000E-03,+2.47500002E+00,+1.34375000E+00,+1.63124990E+00
-24.65000E-03,+2.31875002E+00,+1.53125000E+00,+1.88124990E+00
-24.60000E-03,+2.19375002E+00,+1.62500000E+00,+2.00624990E+00
-24.55000E-03,+2.00625002E+00,+1.81250000E+00,+2.09999990E+00
-24.50000E-03,+1.72500002E+00,+1.93750000E+00,+2.25624990E+00
-24.45000E-03,+1.41250002E+00,+2.03125000E+00,+2.22499990E+00
-24.40000E-03,+1.22500002E+00,+2.12500000E+00,+2.22499990E+00
-24.35000E-03,+975.00002E-03,+2.15625000E+00,+2.16249990E+00
-24.30000E-03,+818.75002E-03,+2.06250000E+00,+2.06874990E+00
-24.25000E-03,+756.25002E-03,+2.06250000E+00,+1.91249990E+00
-24.20000E-03,+756.25002E-03,+2.00000000E+00,+1.72499990E+00
-24.15000E-03,+787.50002E-03,+1.90625000E+00,+1.56874990E+00
-24.10000E-03,+943.75002E-03,+1.75000000E+00,+1.41249990E+00
-24.05000E-03,+1.10000002E+00,+1.56250000E+00,+1.25624990E+00
-24.00000E-03,+1.31875002E+00,+1.46875000E+00,+1.13124990E+00
-23.95000E-03,+1.63125002E+00,+1.31250000E+00,+1.06874990E+00
-23.90000E-03,+1.85000002E+00,+1.18750000E+00,+1.03749990E+00
-23.85000E-03,+2.06875002E+00,+1.15625000E+00,+1.09999990E+00
-23.80000E-03,+2.28750002E+00,+1.12500000E+00,+1.09999990E+00
-23.75000E-03,+2.44375002E+00,+1.12500000E+00,+1.25624990E+00
-23.70000E-03,+2.47500002E+00,+1.21875000E+00,+1.38124990E+00
-23.65000E-03,+2.47500002E+00,+1.34375000E+00,+1.56874990E+00
-23.60000E-03,+2.41250002E+00,+1.40625000E+00,+1.72499990E+00
-23.55000E-03,+2.28750002E+00,+1.56250000E+00,+1.88124990E+00
-23.50000E-03,+2.10000002E+00,+1.75000000E+00,+2.03749990E+00
-23.45000E-03,+1.81875002E+00,+1.84375000E+00,+2.19374990E+00
-23.40000E-03,+1.56875002E+00,+1.96875000E+00,+2.22499990E+00
-23.35000E-03,+1.31875002E+00,+2.03125000E+00,+2.22499990E+00
-23.30000E-03,+1.06875002E+00,+2.09375000E+00,+2.19374990E+00
-23.25000E-03,+881.25002E-03,+2.09375000E+00,+2.13124990E+00
-23.20000E-03,+787.50002E-03,+2.12500000E+00,+2.00624990E+00
-23.15000E-03,+725.00002E-03,+2.09375000E+00,+1.81874990E+00
-23.10000E-03,+787.50002E-03,+1.90625000E+00,+1.63124990E+00
-23.05000E-03,+850.00002E-03,+1.78125000E+00,+1.47499990E+00
-23.00000E-03,+1.03750002E+00,+1.65625000E+00,+1.25624990E+00
-22.95000E-03,+1.25625002E+00,+1.53125000E+00,+1.19374990E+00
-22.90000E-03,+1.50625002E+00,+1.37500000E+00,+1.06874990E+00
-22.85000E-03,+1.78750002E+00,+1.28125000E+00,+1.06874990E+00
-22.80000E-03,+2.06875002E+00,+1.21875000E+00,+1.06874990E+00
-22.75000E-03,+2.25625002E+00,+1.15625000E+00,+1.13124990E+00
-22.70000E-03,+2.38125002E+00,+1.15625000E+00,+1.22499990E+00
-22.65000E-03,+2.50625002E+00,+1.21875000E+00,+1.34999990E+00
-22.60000E-03,+2.50625002E+00,+1.31250000E+00,+1.53749990E+00
-22.55000E-03,+2.44375002E+00,+1.40625000E+00,+1.69374990E+00
-22.50000E-03,+2.31875002E+00,+1.53125000E+00,+1.84999990E+00
-22.45000E-03,+2.10000002E+00,+1.68750000E+00,+2.03749990E+00
-22.40000E-03,+1.88125002E+00,+1.84375000E+00,+2.16249990E+00
-22.35000E-03,+1.66250002E+00,+1.93750000E+00,+2.19374990E+00
-22.30000E-03,+1.35000002E+00,+2.03125000E+00,+2.22499990E+00
-22.25000E-03,+1.10000002E+00,+2.03125000E+00,+2.19374990E+00
-22.20000E-03,+943.75002E-03,+2.12500000E+00,+2.09999990E+00
-22.15000E-03,+787.50002E-03,+2.09375000E+00,+1.97499990E+00
-22.10000E-03,+662.50002E-03,+2.03125000E+00,+1.81874990E+00
-22.05000E-03,+787.50002E-03,+1.93750000E+00,+1.66249990E+00
-22.00000E-03,+850.00002E-03,+1.81250000E+00,+1.50624990E+00
-21.95000E-03,+1.00625002E+00,+1.68750000E+00,+1.34999990E+00
-21.90000E-03,+1.22500002E+00,+1.53125000E+00,+1.19374990E+00
-21.85000E-03,+1.53750002E+00,+1.37500000E+00,+1.13124990E+00
-21.80000E-03,+1.78750002E+00,+1.28125000E+00,+1.06874990E+00
-21.75000E-03,+2.00625002E+00,+1.18750000E+00,+1.06874990E+00
-21.70000E-03,+2.25625002E+00,+1.18750000E+00,+1.16249990E+00
-21.65000E-03,+2.41250002E+00,+1.21875000E+00,+1.19374990E+00
-21.60000E-03,+2.50625002E+00,+1.25000000E+00,+1.34999990E+00
-21.55000E-03,+2.50625002E+00,+1.31250000E+00,+1.53749990E+00
-21.50000E-03,+2.41250002E+00,+1.40625000E+00,+1.69374990E+00
-21.45000E-03,+2.25625002E+00,+1.56250000E+00,+1.84999990E+00
-21.40000E-03,+2.06875002E+00,+1.68750000E+00,+2.03749990E+00
-21.35000E-03,+1.88125002E+00,+1.78125000E+00,+2.09999990E+00
-21.30000E-03,+1.60000002E+00,+1.90625000E+00,+2.16249990E+00
-21.25000E-03,+1.28750002E+00,+2.03125000E+00,+2.19374990E+00
-21.20000E-03,+1.10000002E+00,+2.09375000E+00,+2.16249990E+00
-21.15000E-03,+912.50002E-03,+2.06250000E+00,+2.06874990E+00
-21.10000E-03,+818.75002E-03,+2.06250000E+00,+1.91249990E+00
-21.05000E-03,+756.25002E-03,+2.00000000E+00,+1.78749990E+00
-21.00000E-03,+787.50002E-03,+1.90625000E+00,+1.63124990E+00
-20.95000E-03,+881.25002E-03,+1.78125000E+00,+1.47499990E+00
-20.90000E-03,+1.10000002E+00,+1.62500000E+00,+1.31874990E+00
-20.85000E-03,+1.28750002E+00,+1.50000000E+00,+1.19374990E+00
-20.80000E-03,+1.60000002E+00,+1.37500000E+00,+1.16249990E+00
-20.75000E-03,+1.85000002E+00,+1.28125000E+00,+1.09999990E+00
-20.70000E-03,+2.10000002E+00,+1.21875000E+00,+1.06874990E+00
-20.65000E-03,+2.31875002E+00,+1.18750000E+00,+1.16249990E+00
-20.60000E-03,+2.41250002E+00,+1.21875000E+00,+1.28749990E+00
-20.55000E-03,+2.50625002E+00,+1.25000000E+00,+1.41249990E+00
-20.50000E-03,+2.50625002E+00,+1.34375000E+00,+1.59999990E+00
-20.45000E-03,+2.38125002E+00,+1.46875000E+00,+1.75624990E+00
-20.40000E-03,+2.22500002E+00,+1.59375000E+00,+1.94374990E+00
-20.35000E-03,+1.97500002E+00,+1.71875000E+00,+2.06874990E+00
-20.30000E-03,+1.69375002E+00,+1.81250000E+00,+2.13124990E+00
-20.25000E-03,+1.47500002E+00,+2.00000000E+00,+2.22499990E+00
-20.20000E-03,+1.22500002E+00,+2.03125000E+00,+2.19374990E+00
-20.15000E-03,+1.03750002E+00,+2.06250000E+00,+2.09999990E+00
-20.10000E-03,+787.50002E-03,+2.06250000E+00,+2.00624990E+00
-20.05000E-03,+756.25002E-03,+2.03125000E+00,+1.91249990E+00
-20.00000E-03,+725.00002E-03,+1.96875000E+00,+1.69374990E+00
-19.95000E-03,+818.75002E-03,+1.84375000E+00,+1.56874990E+00
-19.90000E-03,+943.75002E-03,+1.71875000E+00,+1.41249990E+00
-19.85000E-03,+1.16250002E+00,+1.56250000E+00,+1.22499990E+00
-19.80000E-03,+1.41250002E+00,+1.43750000E+00,+1.19374990E+00
-19.75000E-03,+1.66250002E+00,+1.34375000E+00,+1.09999990E+00
-19.70000E-03,+1.97500002E+00,+1.28125000E+00,+1.06874990E+00
-19.65000E-03,+2.22500002E+00,+1.21875000E+00,+1.13124990E+00
-19.60000E-03,+2.38125002E+00,+1.18750000E+00,+1.22499990E+00
-19.55000E-03,+2.47500002E+00,+1.25000000E+00,+1.38124990E+00
-19.50000E-03,+2.44375002E+00,+1.31250000E+00,+1.50624990E+00
-19.45000E-03,+2.44375002E+00,+1.37500000E+00,+1.66249990E+00
-19.40000E-03,+2.31875002E+00,+1.53125000E+00,+1.84999990E+00
-19.35000E-03,+2.10000002E+00,+1.65625000E+00,+1.97499990E+00
-19.30000E-03,+1.88125002E+00,+1.81250000E+00,+2.06874990E+00
-19.25000E-03,+1.56875002E+00,+1.93750000E+00,+2.13124990E+00
-19.20000E-03,+1.25625002E+00,+2.00000000E+00,+2.16249990E+00
-19.15000E-03,+1.06875002E+00,+2.03125000E+00,+2.09999990E+00
-19.10000E-03,+881.25002E-03,+2.09375000E+00,+2.06874990E+00
-19.05000E-03,+725.00002E-03,+2.06250000E+00,+1.97499990E+00
-19.00000E-03,+725.00002E-03,+2.00000000E+00,+1.75624990E+00
-18.95000E-03,+756.25002E-03,+1.87500000E+00,+1.63124990E+00
-18.90000E-03,+912.50002E-03,+1.78125000E+00,+1.44374990E+00
-18.85000E-03,+1.13125002E+00,+1.62500000E+00,+1.31874990E+00
-18.80000E-03,+1.35000002E+00,+1.50000000E+00,+1.19374990E+00
-18.75000E-03,+1.66250002E+00,+1.37500000E+00,+1.13124990E+00
-18.70000E-03,+1.91250002E+00,+1.28125000E+00,+1.13124990E+00
-18.65000E-03,+2.10000002E+00,+1.18750000E+00,+1.13124990E+00
-18.60000E-03,+2.31875002E+00,+1.21875000E+00,+1.22499990E+00
-18.55000E-03,+2.44375002E+00,+1.21875000E+00,+1.34999990E+00
-18.50000E-03,+2.50625002E+00,+1.28125000E+00,+1.44374990E+00
-18.45000E-03,+2.44375002E+00,+1.40625000E+00,+1.66249990E+00
-18.40000E-03,+2.31875002E+00,+1.50000000E+00,+1.78749990E+00
-18.35000E-03,+2.16250002E+00,+1.62500000E+00,+1.94374990E+00
-18.30000E-03,+1.88125002E+00,+1.75000000E+00,+2.06874990E+00
-18.25000E-03,+1.60000002E+00,+1.84375000E+00,+2.16249990E+00
-18.20000E-03,+1.35000002E+00,+2.00000000E+00,+2.16249990E+00
-18.15000E-03,+1.10000002E+00,+2.03125000E+00,+2.16249990E+00
-18.10000E-03,+881.25002E-03,+2.06250000E+00,+2.06874990E+00
-18.05000E-03,+787.50002E-03,+2.06250000E+00,+1.94374990E+00
-18.00000E-03,+725.00002E-03,+1.96875000E+00,+1.75624990E+00
-17.95000E-03,+756.25002E-03,+1.90625000E+00,+1.63124990E+00
-17.90000E-03,+943.75002E-03,+1.75000000E+00,+1.47499990E+00
-17.85000E-03,+1.10000002E+00,+1.62500000E+00,+1.28749990E+00
-17.80000E-03,+1.31875002E+00,+1.50000000E+00,+1.22499990E+00
-17.75000E-03,+1.60000002E+00,+1.40625000E+00,+1.13124990E+00
-17.70000E-03,+1.88125002E+00,+1.31250000E+00,+1.13124990E+00
-17.65000E-03,+2.16250002E+00,+1.21875000E+00,+1.22499990E+00
-17.60000E-03,+2.31875002E+00,+1.25000000E+00,+1.19374990E+00
-17.55000E-03,+2.47500002E+00,+1.25000000E+00,+1.31874990E+00
-17.50000E-03,+2.53750002E+00,+1.31250000E+00,+1.47499990E+00
-17.45000E-03,+2.44375002E+00,+1.37500000E+00,+1.63124990E+00
-17.40000E-03,+2.31875002E+00,+1.50000000E+00,+1.78749990E+00
-17.35000E-03,+2.13125002E+00,+1.65625000E+00,+1.94374990E+00
-17.30000E-03,+1.85000002E+00,+1.75000000E+00,+2.03749990E+00
-17.25000E-03,+1.63125002E+00,+1.90625000E+00,+2.16249990E+00
-17.20000E-03,+1.31875002E+00,+1.93750000E+00,+2.13124990E+00
-17.15000E-03,+1.06875002E+00,+2.00000000E+00,+2.09999990E+00
-17.10000E-03,+881.25002E-03,+2.03125000E+00,+2.03749990E+00
-17.05000E-03,+787.50002E-03,+2.00000000E+00,+1.91249990E+00
-17.00000E-03,+725.00002E-03,+1.96875000E+00,+1.78749990E+00
-16.95000E-03,+787.50002E-03,+1.87500000E+00,+1.59999990E+00
-16.90000E-03,+943.75002E-03,+1.78125000E+00,+1.47499990E+00
-16.85000E-03,+1.13125002E+00,+1.59375000E+00,+1.31874990E+00
-16.80000E-03,+1.38125002E+00,+1.50000000E+00,+1.22499990E+00
-16.75000E-03,+1.69375002E+00,+1.37500000E+00,+1.13124990E+00
-16.70000E-03,+1.88125002E+00,+1.31250000E+00,+1.09999990E+00
-16.65000E-03,+2.19375002E+00,+1.25000000E+00,+1.16249990E+00
-16.60000E-03,+2.41250002E+00,+1.25000000E+00,+1.25624990E+00
-16.55000E-03,+2.50625002E+00,+1.25000000E+00,+1.38124990E+00
-16.50000E-03,+2.50625002E+00,+1.34375000E+00,+1.50624990E+00
-16.45000E-03,+2.44375002E+00,+1.43750000E+00,+1.69374990E+00
-16.40000E-03,+2.28750002E+00,+1.53125000E+00,+1.81874990E+00
-16.35000E-03,+2.06875002E+00,+1.65625000E+00,+1.94374990E+00
-16.30000E-03,+1.78750002E+00,+1.81250000E+00,+2.06874990E+00
-16.25000E-03,+1.56875002E+00,+1.90625000E+00,+2.09999990E+00
-16.20000E-03,+1.19375002E+00,+1.96875000E+00,+2.16249990E+00
-16.15000E-03,+1.00625002E+00,+2.03125000E+00,+2.09999990E+00
-16.10000E-03,+850.00002E-03,+2.03125000E+00,+2.00624990E+00
-16.05000E-03,+725.00002E-03,+2.00000000E+00,+1.88124990E+00
-16.00000E-03,+725.00002E-03,+1.93750000E+00,+1.72499990E+00
-15.95000E-03,+850.00002E-03,+1.84375000E+00,+1.59999990E+00
-15.90000E-03,+1.00625002E+00,+1.71875000E+00,+1.41249990E+00
-15.85000E-03,+1.22500002E+00,+1.56250000E+00,+1.31874990E+00
-15.80000E-03,+1.50625002E+00,+1.46875000E+00,+1.19374990E+00
-15.75000E-03,+1.75625002E+00,+1.37500000E+00,+1.16249990E+00
-15.70000E-03,+2.00625002E+00,+1.28125000E+00,+1.13124990E+00
-15.65000E-03,+2.25625002E+00,+1.25000000E+00,+1.19374990E+00
-15.60000E-03,+2.41250002E+00,+1.25000000E+00,+1.31874990E+00
-15.55000E-03,+2.47500002E+00,+1.28125000E+00,+1.44374990E+00
-15.50000E-03,+2.47500002E+00,+1.37500000E+00,+1.59999990E+00
-15.45000E-03,+2.38125002E+00,+1.50000000E+00,+1.75624990E+00
-15.40000E-03,+2.22500002E+00,+1.59375000E+00,+1.84999990E+00
-15.35000E-03,+1.97500002E+00,+1.71875000E+00,+2.00624990E+00
-15.30000E-03,+1.66250002E+00,+1.81250000E+00,+2.09999990E+00
-15.25000E-03,+1.41250002E+00,+1.93750000E+00,+2.13124990E+00
-15.20000E-03,+1.16250002E+00,+2.00000000E+00,+2.09999990E+00
-15.15000E-03,+881.25002E-03,+2.03125000E+00,+2.03749990E+00
-15.10000E-03,+756.25002E-03,+2.00000000E+00,+1.94374990E+00
-15.05000E-03,+693.75002E-03,+1.96875000E+00,+1.81874990E+00
-15.00000E-03,+756.25002E-03,+1.87500000E+00,+1.66249990E+00
-14.95000E-03,+881.25002E-03,+1.75000000E+00,+1.47499990E+00
-14.90000E-03,+1.13125002E+00,+1.65625000E+00,+1.34999990E+00
-14.85000E-03,+1.35000002E+00,+1.50000000E+00,+1.25624990E+00
-14.80000E-03,+1.63125002E+00,+1.40625000E+00,+1.16249990E+00
-14.75000E-03,+1.91250002E+00,+1.34375000E+00,+1.13124990E+00
-14.70000E-03,+2.19375002E+00,+1.28125000E+00,+1.19374990E+00
-14.65000E-03,+2.31875002E+00,+1.28125000E+00,+1.25624990E+00
-14.60000E-03,+2.47500002E+00,+1.28125000E+00,+1.38124990E+00
-14.55000E-03,+2.50625002E+00,+1.34375000E+00,+1.50624990E+00
-14.50000E-03,+2.47500002E+00,+1.40625000E+00,+1.69374990E+00
-14.45000E-03,+2.28750002E+00,+1.53125000E+00,+1.81874990E+00
-14.40000E-03,+2.06875002E+00,+1.68750000E+00,+1.94374990E+00
-14.35000E-03,+1.75625002E+00,+1.78125000E+00,+2.06874990E+00
-14.30000E-03,+1.47500002E+00,+1.87500000E+00,+2.09999990E+00
-14.25000E-03,+1.22500002E+00,+1.96875000E+00,+2.09999990E+00
-14.20000E-03,+1.03750002E+00,+2.00000000E+00,+2.09999990E+00
-14.15000E-03,+818.75002E-03,+2.00000000E+00,+1.94374990E+00
-14.10000E-03,+756.25002E-03,+2.00000000E+00,+1.84999990E+00
-14.05000E-03,+756.25002E-03,+1.87500000E+00,+1.69374990E+00
-14.00000E-03,+818.75002E-03,+1.78125000E+00,+1.53749990E+00
-13.95000E-03,+1.03750002E+00,+1.71875000E+00,+1.38124990E+00
-13.90000E-03,+1.25625002E+00,+1.56250000E+00,+1.25624990E+00
-13.85000E-03,+1.60000002E+00,+1.43750000E+00,+1.19374990E+00
-13.80000E-03,+1.85000002E+00,+1.37500000E+00,+1.13124990E+00
-13.75000E-03,+2.13125002E+00,+1.28125000E+00,+1.16249990E+00
-13.70000E-03,+2.35000002E+00,+1.28125000E+00,+1.22499990E+00
-13.65000E-03,+2.50625002E+00,+1.28125000E+00,+1.34999990E+00
-13.60000E-03,+2.50625002E+00,+1.34375000E+00,+1.50624990E+00
-13.55000E-03,+2.47500002E+00,+1.40625000E+00,+1.63124990E+00
-13.50000E-03,+2.28750002E+00,+1.50000000E+00,+1.75624990E+00
-13.45000E-03,+2.13125002E+00,+1.62500000E+00,+1.91249990E+00
-13.40000E-03,+1.85000002E+00,+1.71875000E+00,+2.03749990E+00
-13.35000E-03,+1.53750002E+00,+1.84375000E+00,+2.09999990E+00
-13.30000E-03,+1.28750002E+00,+1.96875000E+00,+2.13124990E+00
-13.25000E-03,+1.00625002E+00,+2.00000000E+00,+2.06874990E+00
-13.20000E-03,+818.75002E-03,+2.00000000E+00,+2.00624990E+00
-13.15000E-03,+725.00002E-03,+1.96875000E+00,+1.91249990E+00
-13.10000E-03,+756.25002E-03,+1.90625000E+00,+1.75624990E+00
-13.05000E-03,+818.75002E-03,+1.81250000E+00,+1.56874990E+00
-13.00000E-03,+1.00625002E+00,+1.68750000E+00,+1.38124990E+00
-12.95000E-03,+1.22500002E+00,+1.59375000E+00,+1.28749990E+00
-12.90000E-03,+1.47500002E+00,+1.43750000E+00,+1.19374990E+00
-12.85000E-03,+1.85000002E+00,+1.37500000E+00,+1.16249990E+00
-12.80000E-03,+2.06875002E+00,+1.31250000E+00,+1.19374990E+00
-12.75000E-03,+2.35000002E+00,+1.28125000E+00,+1.22499990E+00
-12.70000E-03,+2.44375002E+00,+1.28125000E+00,+1.31874990E+00
-12.65000E-03,+2.47500002E+00,+1.34375000E+00,+1.44374990E+00
-12.60000E-03,+2.47500002E+00,+1.40625000E+00,+1.63124990E+00
-12.55000E-03,+2.31875002E+00,+1.50000000E+00,+1.75624990E+00
-12.50000E-03,+2.13125002E+00,+1.65625000E+00,+1.94374990E+00
-12.45000E-03,+1.85000002E+00,+1.75000000E+00,+2.06874990E+00
-12.40000E-03,+1.53750002E+00,+1.81250000E+00,+2.03749990E+00
-12.35000E-03,+1.28750002E+00,+1.93750000E+00,+2.09999990E+00
-12.30000E-03,+1.00625002E+00,+2.00000000E+00,+2.06874990E+00
-12.25000E-03,+818.75002E-03,+1.96875000E+00,+2.00624990E+00
-12.20000E-03,+725.00002E-03,+1.96875000E+00,+1.84999990E+00
-12.15000E-03,+756.25002E-03,+1.87500000E+00,+1.72499990E+00
-12.10000E-03,+850.00002E-03,+1.81250000E+00,+1.56874990E+00
-12.05000E-03,+1.03750002E+00,+1.71875000E+00,+1.41249990E+00
-12.00000E-03,+1.25625002E+00,+1.59375000E+00,+1.31874990E+00
-11.95000E-03,+1.53750002E+00,+1.50000000E+00,+1.22499990E+00
-11.90000E-03,+1.85000002E+00,+1.34375000E+00,+1.19374990E+00
-11.85000E-03,+2.10000002E+00,+1.31250000E+00,+1.19374990E+00
-11.80000E-03,+2.35000002E+00,+1.28125000E+00,+1.25624990E+00
-11.75000E-03,+2.41250002E+00,+1.28125000E+00,+1.38124990E+00
-11.70000E-03,+2.50625002E+00,+1.31250000E+00,+1.53749990E+00
-11.65000E-03,+2.47500002E+00,+1.40625000E+00,+1.66249990E+00
-11.60000E-03,+2.28750002E+00,+1.50000000E+00,+1.78749990E+00
-11.55000E-03,+2.10000002E+00,+1.62500000E+00,+1.91249990E+00
-11.50000E-03,+1.78750002E+00,+1.75000000E+00,+2.00624990E+00
-11.45000E-03,+1.53750002E+00,+1.87500000E+00,+2.06874990E+00
-11.40000E-03,+1.22500002E+00,+1.96875000E+00,+2.09999990E+00
-11.35000E-03,+1.00625002E+00,+2.00000000E+00,+2.06874990E+00
-11.30000E-03,+818.75002E-03,+2.00000000E+00,+1.94374990E+00
-11.25000E-03,+756.25002E-03,+2.00000000E+00,+1.84999990E+00
-11.20000E-03,+756.25002E-03,+1.87500000E+00,+1.69374990E+00
-11.15000E-03,+881.25002E-03,+1.78125000E+00,+1.53749990E+00
-11.10000E-03,+1.10000002E+00,+1.68750000E+00,+1.38124990E+00
-11.05000E-03,+1.28750002E+00,+1.56250000E+00,+1.28749990E+00
-11.00000E-03,+1.63125002E+00,+1.43750000E+00,+1.22499990E+00
-10.95000E-03,+1.91250002E+00,+1.34375000E+00,+1.19374990E+00
-10.90000E-03,+2.13125002E+00,+1.31250000E+00,+1.19374990E+00
-10.85000E-03,+2.35000002E+00,+1.28125000E+00,+1.25624990E+00
-10.80000E-03,+2.47500002E+00,+1.28125000E+00,+1.38124990E+00
-10.75000E-03,+2.44375002E+00,+1.37500000E+00,+1.53749990E+00
-10.70000E-03,+2.44375002E+00,+1.46875000E+00,+1.69374990E+00
-10.65000E-03,+2.22500002E+00,+1.56250000E+00,+1.84999990E+00
-10.60000E-03,+1.97500002E+00,+1.65625000E+00,+1.94374990E+00
-10.55000E-03,+1.72500002E+00,+1.81250000E+00,+2.03749990E+00
-10.50000E-03,+1.41250002E+00,+1.90625000E+00,+2.09999990E+00
-10.45000E-03,+1.16250002E+00,+1.96875000E+00,+2.06874990E+00
-10.40000E-03,+943.75002E-03,+2.00000000E+00,+2.00624990E+00
-10.35000E-03,+787.50002E-03,+2.00000000E+00,+1.94374990E+00
-10.30000E-03,+725.00002E-03,+1.96875000E+00,+1.78749990E+00
-10.25000E-03,+756.25002E-03,+1.84375000E+00,+1.63124990E+00
-10.20000E-03,+881.25002E-03,+1.75000000E+00,+1.50624990E+00
-10.15000E-03,+1.16250002E+00,+1.59375000E+00,+1.28749990E+00
-10.10000E-03,+1.38125002E+00,+1.50000000E+00,+1.25624990E+00
-10.05000E-03,+1.72500002E+00,+1.43750000E+00,+1.19374990E+00
-10.00000E-03,+2.03750002E+00,+1.34375000E+00,+1.19374990E+00
-9.95000E-03,+2.25625002E+00,+1.31250000E+00,+1.22499990E+00
-9.90000E-03,+2.41250002E+00,+1.28125000E+00,+1.28749990E+00
-9.85000E-03,+2.50625002E+00,+1.34375000E+00,+1.47499990E+00
-9.80000E-03,+2.47500002E+00,+1.37500000E+00,+1.59999990E+00
-9.75000E-03,+2.31875002E+00,+1.50000000E+00,+1.75624990E+00
-9.70000E-03,+2.13125002E+00,+1.59375000E+00,+1.88124990E+00
-9.65000E-03,+1.91250002E+00,+1.75000000E+00,+2.00624990E+00
-9.60000E-03,+1.60000002E+00,+1.81250000E+00,+2.06874990E+00
-9.55000E-03,+1.31875002E+00,+1.90625000E+00,+2.06874990E+00
-9.50000E-03,+1.00625002E+00,+1.96875000E+00,+2.06874990E+00
-9.45000E-03,+850.00002E-03,+2.00000000E+00,+1.97499990E+00
-9.40000E-03,+725.00002E-03,+1.96875000E+00,+1.88124990E+00
-9.35000E-03,+725.00002E-03,+1.90625000E+00,+1.69374990E+00
-9.30000E-03,+818.75002E-03,+1.81250000E+00,+1.56874990E+00
-9.25000E-03,+1.03750002E+00,+1.68750000E+00,+1.41249990E+00
-9.20000E-03,+1.31875002E+00,+1.59375000E+00,+1.31874990E+00
-9.15000E-03,+1.63125002E+00,+1.46875000E+00,+1.22499990E+00
-9.10000E-03,+1.88125002E+00,+1.37500000E+00,+1.16249990E+00
-9.05000E-03,+2.13125002E+00,+1.31250000E+00,+1.19374990E+00
-9.00000E-03,+2.31875002E+00,+1.31250000E+00,+1.28749990E+00
-8.95000E-03,+2.50625002E+00,+1.31250000E+00,+1.34999990E+00
-8.90000E-03,+2.50625002E+00,+1.37500000E+00,+1.53749990E+00
-8.85000E-03,+2.44375002E+00,+1.46875000E+00,+1.66249990E+00
-8.80000E-03,+2.25625002E+00,+1.53125000E+00,+1.81874990E+00
-8.75000E-03,+2.00625002E+00,+1.68750000E+00,+1.94374990E+00
-8.70000E-03,+1.75625002E+00,+1.78125000E+00,+2.00624990E+00
-8.65000E-03,+1.41250002E+00,+1.84375000E+00,+2.06874990E+00
-8.60000E-03,+1.13125002E+00,+1.93750000E+00,+2.06874990E+00
-8.55000E-03,+912.50002E-03,+1.96875000E+00,+2.00624990E+00
-8.50000E-03,+787.50002E-03,+1.96875000E+00,+1.91249990E+00
-8.45000E-03,+725.00002E-03,+1.90625000E+00,+1.75624990E+00
-8.40000E-03,+787.50002E-03,+1.84375000E+00,+1.63124990E+00
-8.35000E-03,+943.75002E-03,+1.71875000E+00,+1.50624990E+00
-8.30000E-03,+1.19375002E+00,+1.62500000E+00,+1.34999990E+00
-8.25000E-03,+1.47500002E+00,+1.53125000E+00,+1.25624990E+00
-8.20000E-03,+1.75625002E+00,+1.46875000E+00,+1.19374990E+00
-8.15000E-03,+2.03750002E+00,+1.34375000E+00,+1.22499990E+00
-8.10000E-03,+2.31875002E+00,+1.31250000E+00,+1.22499990E+00
-8.05000E-03,+2.47500002E+00,+1.31250000E+00,+1.34999990E+00
-8.00000E-03,+2.50625002E+00,+1.34375000E+00,+1.47499990E+00
-7.95000E-03,+2.44375002E+00,+1.43750000E+00,+1.63124990E+00
-7.90000E-03,+2.35000002E+00,+1.53125000E+00,+1.78749990E+00
-7.85000E-03,+2.10000002E+00,+1.62500000E+00,+1.91249990E+00
-7.80000E-03,+1.78750002E+00,+1.75000000E+00,+2.00624990E+00
-7.75000E-03,+1.53750002E+00,+1.87500000E+00,+2.09999990E+00
-7.70000E-03,+1.22500002E+00,+1.93750000E+00,+2.06874990E+00
-7.65000E-03,+943.75002E-03,+1.96875000E+00,+2.00624990E+00
-7.60000E-03,+787.50002E-03,+1.96875000E+00,+1.91249990E+00
-7.55000E-03,+725.00002E-03,+1.93750000E+00,+1.84999990E+00
